{
  "summary": {
    "overall": {
      "top_1_component": 0.7333333333333333,
      "top_1_reason": 0.8,
      "top_1_both": 0.6666666666666666,
      "top_1_service": 0.7333333333333333,
      "top_1_metric": 0.8,
      "top_2_component": 0.7333333333333333,
      "top_2_reason": 0.8666666666666667,
      "top_2_both": 0.7333333333333333,
      "top_2_service": 0.7333333333333333,
      "top_2_metric": 0.8666666666666667,
      "top_3_component": 0.8666666666666667,
      "top_3_reason": 0.8666666666666667,
      "top_3_both": 0.8666666666666667,
      "top_3_service": 0.8666666666666667,
      "top_3_metric": 0.8666666666666667,
      "top_4_component": 0.8666666666666667,
      "top_4_reason": 0.8666666666666667,
      "top_4_both": 0.8666666666666667,
      "top_4_service": 0.8666666666666667,
      "top_4_metric": 0.8666666666666667,
      "top_5_component": 0.8666666666666667,
      "top_5_reason": 0.8666666666666667,
      "top_5_both": 0.8666666666666667,
      "top_5_service": 0.8666666666666667,
      "top_5_metric": 0.8666666666666667,
      "time_s_total": 2342.3830000000003,
      "time_s_mean": 180.1833076923077,
      "time_s_median": 175.525
    },
    "cpu": {
      "top_1_component": 1.0,
      "top_1_reason": 1.0,
      "top_1_both": 1.0,
      "top_1_service": 1.0,
      "top_1_metric": 1.0,
      "top_2_component": 1.0,
      "top_2_reason": 1.0,
      "top_2_both": 1.0,
      "top_2_service": 1.0,
      "top_2_metric": 1.0,
      "top_3_component": 1.0,
      "top_3_reason": 1.0,
      "top_3_both": 1.0,
      "top_3_service": 1.0,
      "top_3_metric": 1.0,
      "top_4_component": 1.0,
      "top_4_reason": 1.0,
      "top_4_both": 1.0,
      "top_4_service": 1.0,
      "top_4_metric": 1.0,
      "top_5_component": 1.0,
      "top_5_reason": 1.0,
      "top_5_both": 1.0,
      "top_5_service": 1.0,
      "top_5_metric": 1.0,
      "time_s_total": 605.731,
      "time_s_mean": 201.91033333333334,
      "time_s_median": 180.184
    },
    "diskio": {
      "top_1_component": 1.0,
      "top_1_reason": 1.0,
      "top_1_both": 1.0,
      "top_1_service": 1.0,
      "top_1_metric": 1.0,
      "top_2_component": 1.0,
      "top_2_reason": 1.0,
      "top_2_both": 1.0,
      "top_2_service": 1.0,
      "top_2_metric": 1.0,
      "top_3_component": 1.0,
      "top_3_reason": 1.0,
      "top_3_both": 1.0,
      "top_3_service": 1.0,
      "top_3_metric": 1.0,
      "top_4_component": 1.0,
      "top_4_reason": 1.0,
      "top_4_both": 1.0,
      "top_4_service": 1.0,
      "top_4_metric": 1.0,
      "top_5_component": 1.0,
      "top_5_reason": 1.0,
      "top_5_both": 1.0,
      "top_5_service": 1.0,
      "top_5_metric": 1.0,
      "time_s_total": 522.5980000000001,
      "time_s_mean": 174.19933333333333,
      "time_s_median": 174.532
    },
    "latency": {
      "top_1_component": 0.5,
      "top_1_reason": 0.8333333333333334,
      "top_1_both": 0.5,
      "top_1_service": 0.5,
      "top_1_metric": 0.8333333333333334,
      "top_2_component": 0.5,
      "top_2_reason": 0.8333333333333334,
      "top_2_both": 0.5,
      "top_2_service": 0.5,
      "top_2_metric": 0.8333333333333334,
      "top_3_component": 0.8333333333333334,
      "top_3_reason": 0.8333333333333334,
      "top_3_both": 0.8333333333333334,
      "top_3_service": 0.8333333333333334,
      "top_3_metric": 0.8333333333333334,
      "top_4_component": 0.8333333333333334,
      "top_4_reason": 0.8333333333333334,
      "top_4_both": 0.8333333333333334,
      "top_4_service": 0.8333333333333334,
      "top_4_metric": 0.8333333333333334,
      "top_5_component": 0.8333333333333334,
      "top_5_reason": 0.8333333333333334,
      "top_5_both": 0.8333333333333334,
      "top_5_service": 0.8333333333333334,
      "top_5_metric": 0.8333333333333334,
      "time_s_total": 922.1189999999999,
      "time_s_mean": 184.4238,
      "time_s_median": 180.525
    },
    "mem": {
      "top_1_component": 0.6666666666666666,
      "top_1_reason": 0.3333333333333333,
      "top_1_both": 0.3333333333333333,
      "top_1_service": 0.6666666666666666,
      "top_1_metric": 0.3333333333333333,
      "top_2_component": 0.6666666666666666,
      "top_2_reason": 0.6666666666666666,
      "top_2_both": 0.6666666666666666,
      "top_2_service": 0.6666666666666666,
      "top_2_metric": 0.6666666666666666,
      "top_3_component": 0.6666666666666666,
      "top_3_reason": 0.6666666666666666,
      "top_3_both": 0.6666666666666666,
      "top_3_service": 0.6666666666666666,
      "top_3_metric": 0.6666666666666666,
      "top_4_component": 0.6666666666666666,
      "top_4_reason": 0.6666666666666666,
      "top_4_both": 0.6666666666666666,
      "top_4_service": 0.6666666666666666,
      "top_4_metric": 0.6666666666666666,
      "top_5_component": 0.6666666666666666,
      "top_5_reason": 0.6666666666666666,
      "top_5_both": 0.6666666666666666,
      "top_5_service": 0.6666666666666666,
      "top_5_metric": 0.6666666666666666,
      "time_s_total": 291.935,
      "time_s_mean": 145.9675,
      "time_s_median": 145.9675
    }
  },
  "rows": [
    {
      "case": "case_000001",
      "answer": "checkoutservice_cpu",
      "prediction": [
        "checkoutservice_cpu",
        "currencyservice_latency",
        "frontend_latency"
      ],
      "steps": 10,
      "time_s": 272.975,
      "top_1_component": true,
      "top_1_reason": true,
      "top_1_both": true,
      "top_1_service": true,
      "top_1_metric": true,
      "top_2_component": true,
      "top_2_reason": true,
      "top_2_both": true,
      "top_2_service": true,
      "top_2_metric": true,
      "top_3_component": true,
      "top_3_reason": true,
      "top_3_both": true,
      "top_3_service": true,
      "top_3_metric": true,
      "top_4_component": true,
      "top_4_reason": true,
      "top_4_both": true,
      "top_4_service": true,
      "top_4_metric": true,
      "top_5_component": true,
      "top_5_reason": true,
      "top_5_both": true,
      "top_5_service": true,
      "top_5_metric": true
    },
    {
      "case": "case_000002",
      "answer": "checkoutservice_cpu",
      "prediction": [
        "checkoutservice_cpu",
        "currencyservice_latency",
        "emailservice_mem"
      ],
      "steps": 7,
      "time_s": 152.572,
      "top_1_component": true,
      "top_1_reason": true,
      "top_1_both": true,
      "top_1_service": true,
      "top_1_metric": true,
      "top_2_component": true,
      "top_2_reason": true,
      "top_2_both": true,
      "top_2_service": true,
      "top_2_metric": true,
      "top_3_component": true,
      "top_3_reason": true,
      "top_3_both": true,
      "top_3_service": true,
      "top_3_metric": true,
      "top_4_component": true,
      "top_4_reason": true,
      "top_4_both": true,
      "top_4_service": true,
      "top_4_metric": true,
      "top_5_component": true,
      "top_5_reason": true,
      "top_5_both": true,
      "top_5_service": true,
      "top_5_metric": true
    },
    {
      "case": "case_000003",
      "answer": "checkoutservice_cpu",
      "prediction": [
        "checkoutservice_cpu",
        "checkoutservice_mem",
        "frontend_latency"
      ],
      "steps": 10,
      "time_s": 180.184,
      "top_1_component": true,
      "top_1_reason": true,
      "top_1_both": true,
      "top_1_service": true,
      "top_1_metric": true,
      "top_2_component": true,
      "top_2_reason": true,
      "top_2_both": true,
      "top_2_service": true,
      "top_2_metric": true,
      "top_3_component": true,
      "top_3_reason": true,
      "top_3_both": true,
      "top_3_service": true,
      "top_3_metric": true,
      "top_4_component": true,
      "top_4_reason": true,
      "top_4_both": true,
      "top_4_service": true,
      "top_4_metric": true,
      "top_5_component": true,
      "top_5_reason": true,
      "top_5_both": true,
      "top_5_service": true,