{
  "summary": {
    "overall": {
      "top_1_component": 0.6363636363636364,
      "top_1_reason": 0.9090909090909091,
      "top_1_both": 0.6363636363636364,
      "top_1_service": 0.6363636363636364,
      "top_1_metric": 0.9090909090909091,
      "top_2_component": 0.7272727272727273,
      "top_2_reason": 0.9090909090909091,
      "top_2_both": 0.7272727272727273,
      "top_2_service": 0.7272727272727273,
      "top_2_metric": 0.9090909090909091,
      "top_3_component": 0.9090909090909091,
      "top_3_reason": 0.9090909090909091,
      "top_3_both": 0.9090909090909091,
      "top_3_service": 0.9090909090909091,
      "top_3_metric": 0.9090909090909091,
      "top_4_component": 0.9090909090909091,
      "top_4_reason": 0.9090909090909091,
      "top_4_both": 0.9090909090909091,
      "top_4_service": 0.9090909090909091,
      "top_4_metric": 0.9090909090909091,
      "top_5_component": 0.9090909090909091,
      "top_5_reason": 0.9090909090909091,
      "top_5_both": 0.9090909090909091,
      "top_5_service": 0.9090909090909091,
      "top_5_metric": 0.9090909090909091,
      "time_s_total": 1889.616,
      "time_s_mean": 188.9616,
      "time_s_median": 184.399
    },
    "cpu": {
      "top_1_component": 1.0,
      "top_1_reason": 1.0,
      "top_1_both": 1.0,
      "top_1_service": 1.0,
      "top_1_metric": 1.0,
      "top_2_component": 1.0,
      "top_2_reason": 1.0,
      "top_2_both": 1.0,
      "top_2_service": 1.0,
      "top_2_metric": 1.0,
      "top_3_component": 1.0,
      "top_3_reason": 1.0,
      "top_3_both": 1.0,
      "top_3_service": 1.0,
      "top_3_metric": 1.0,
      "top_4_component": 1.0,
      "top_4_reason": 1.0,
      "top_4_both": 1.0,
      "top_4_service": 1.0,
      "top_4_metric": 1.0,
      "top_5_component": 1.0,
      "top_5_reason": 1.0,
      "top_5_both": 1.0,
      "top_5_service": 1.0,
      "top_5_metric": 1.0,
      "time_s_total": 587.851,
      "time_s_mean": 195.95033333333333,
      "time_s_median": 183.74
    },
    "diskio": {
      "top_1_component": 1.0,
      "top_1_reason": 1.0,
      "top_1_both": 1.0,
      "top_1_service": 1.0,
      "top_1_metric": 1.0,
      "top_2_component": 1.0,
      "top_2_reason": 1.0,
      "top_2_both": 1.0,
      "top_2_service": 1.0,
      "top_2_metric": 1.0,
      "top_3_component": 1.0,
      "top_3_reason": 1.0,
      "top_3_both": 1.0,
      "top_3_service": 1.0,
      "top_3_metric": 1.0,
      "top_4_component": 1.0,
      "top_4_reason": 1.0,
      "top_4_both": 1.0,
      "top_4_service": 1.0,
      "top_4_metric": 1.0,
      "top_5_component": 1.0,
      "top_5_reason": 1.0,
      "top_5_both": 1.0,
      "top_5_service": 1.0,
      "top_5_metric": 1.0,
      "time_s_total": 529.641,
      "time_s_mean": 176.547,
      "time_s_median": 175.6
    },
    "latency": {
      "top_1_component": 0.2,
      "top_1_reason": 0.8,
      "top_1_both": 0.2,
      "top_1_service": 0.2,
      "top_1_metric": 0.8,
      "top_2_component": 0.4,
      "top_2_reason": 0.8,
      "top_2_both": 0.4,
      "top_2_service": 0.4,
      "top_2_metric": 0.8,
      "top_3_component": 0.8,
      "top_3_reason": 0.8,
      "top_3_both": 0.8,
      "top_3_service": 0.8,
      "top_3_metric": 0.8,
      "top_4_component": 0.8,
      "top_4_reason": 0.8,
      "top_4_both": 0.8,
      "top_4_service": 0.8,
      "top_4_metric": 0.8,
      "top_5_component": 0.8,
      "top_5_reason": 0.8,
      "top_5_both": 0.8,
      "top_5_service": 0.8,
      "top_5_metric": 0.8,
      "time_s_total": 772.124,
      "time_s_mean": 193.031,
      "time_s_median": 186.4675
    }
  },
  "rows": [
    {
      "case": "case_000001",
      "answer": "checkoutservice_cpu",
      "prediction": [
        "checkoutservice_cpu",
        "checkoutservice_mem",
        "emailservice_mem"
      ],
      "steps": 10,
      "time_s": 262.214,
      "top_1_component": true,
      "top_1_reason": true,
      "top_1_both": true,
      "top_1_service": true,
      "top_1_metric": true,
      "top_2_component": true,
      "top_2_reason": true,
      "top_2_both": true,
      "top_2_service": true,
      "top_2_metric": true,
      "top_3_component": true,
      "top_3_reason": true,
      "top_3_both": true,
      "top_3_service": true,
      "top_3_metric": true,
      "top_4_component": true,
      "top_4_reason": true,
      "top_4_both": true,
      "top_4_service": true,
      "top_4_metric": true,
      "top_5_component": true,
      "top_5_reason": true,
      "top_5_both": true,
      "top_5_service": true,
      "top_5_metric": true
    },
    {
      "case": "case_000002",
      "answer": "checkoutservice_cpu",
      "prediction": [
        "checkoutservice_cpu",
        "currencyservice_latency",
        "emailservice_mem"
      ],
      "steps": 7,
      "time_s": 141.897,
      "top_1_component": true,
      "top_1_reason": true,
      "top_1_both": true,
      "top_1_service": true,
      "top_1_metric": true,
      "top_2_component": true,
      "top_2_reason": true,
      "top_2_both": true,
      "top_2_service": true,
      "top_2_metric": true,
      "top_3_component": true,
      "top_3_reason": true,
      "top_3_both": true,
      "top_3_service": true,
      "top_3_metric": true,
      "top_4_component": true,
      "top_4_reason": true,
      "top_4_both": true,
      "top_4_service": true,
      "top_4_metric": true,
      "top_5_component": true,
      "top_5_reason": true,
      "top_5_both": true,
      "top_5_service": true,
      "top_5_metric": true
    },
    {
      "case": "case_000003",
      "answer": "checkoutservice_cpu",
      "prediction": [
        "checkoutservice_cpu",
        "checkoutservice_latency",
        "emailservice_latency"
      ],
      "steps": 10,
      "time_s": 183.74,
      "top_1_component": true,
      "top_1_reason": true,
      "top_1_both": true,
      "top_1_service": true,
      "top_1_metric": true,
      "top_2_component": true,
      "top_2_reason": true,
      "top_2_both": true,
      "top_2_service": true,
      "top_2_metric": true,
      "top_3_component": true,
      "top_3_reason": true,
      "top_3_both": true,
      "top_3_service": true,
      "top_3_metric": true,
      "top_4_component": true,
      "top_4_reason": true,
      "top_4_both": true,
      "top_4_service": true,
      "top_4_metric": true,
      "top_5_component": true,
      "top_5_reason": true,
      "top_5_both": true,
      "top_5_service": true,
      "top_5_metric": true
    },
    {
      "case": "case_000004",
      "answer": "checkoutservice_latency",
      "prediction": [
        "emailservice_latency",
        "shippingservice_latency",
        "checkoutservice_latency"
      ],
      "steps": 10,
      "time_s": 187.524,
      "top_1_component": false,
      "top_1_reason": true,
      "top_1_both": false,
      "top_1_service": false,
      "top_1_metric": true,
      "top_2_component": false,
      "top_2_reason": true,
      "top_2_both": false,
      "top_2_service": false,
      "top_2_metric": true,
      "top_3_component": true,
      "top_3_reason": true,
      "top_3_both": true,
      "top_3_service": true,
      "top_3_metric": true,
      "top_4_component": true,
      "top_4_reason": true,
      "top_4_both": true,
      "top_4_service": true,
      "top_4_metric": true,
      "top_5_component": true,
      "top_5_reason": true,
      "top_5_both": true,
      "top_5_service": true,
      "top_5_metric": true
    },
    {
      "case": "case_000005",
      "answer": "checkoutservice_latency",
      "prediction": [
        "emailservice_latency",
        "shippingservice_latency",
        "checkoutservice_latency"
      ],
      "steps": 10,
      "time_s": 185.411,
      "top_1_component": false,
      "top_1_reason": true,
      "top_1_both": false,
      "top_1_service": false,
      "top_1_metric": true,
      "top_2_component": false,
      "top_2_reason": true,
      "top_2_both": false,
      "top_2_service": false,